id;period;n_count;country_id;project_id;project_url;country_name;project_name;reports_project_id;created_by;last_modified_by;created_date;last_modified_date
1;54655;40271;10495;96208;Cotton;compressing;Triple-buffered;77356;HTTP;Data;2023-08-21;2023-08-22
2;58039;78807;72245;33397;program Investment;indexing bypassing;Unbranded Optimization generate;30609;index;Checking Computer;2023-08-21;2023-08-22
3;27488;73702;68167;64930;leverage Group Stand-alone;turquoise;Metal navigate;14451;Practical Soft partnerships;Metal Refined Generic;2023-08-21;2023-08-22
4;21991;95222;69637;26715;Refined productize Peso;virtual Nepalese navigate;Rustic microchip Shoes;87601;deliver;Lake;2023-08-21;2023-08-21
5;71056;53898;63510;90353;connect users;Granite synthesize cyan;parsing Cambridgeshire facilitate;88991;programming Investment;Manors;2023-08-22;2023-08-21
6;59025;26004;72634;97808;Fresh quantifying;Self-enabling visionary;Future Ball Developer;27647;Auto Senior platforms;virtual parsing;2023-08-21;2023-08-21
7;35383;37947;15836;25005;Music redundant;Tactics Future;synergies Ball Granite;3834;COM generating;De-engineered XSS;2023-08-22;2023-08-22
8;14713;48701;10071;57339;Car;invoice;Rubber Island;18766;Intranet;withdrawal implement;2023-08-22;2023-08-21
9;645;64333;71840;8361;Danish Generic;Fresh;solid parse;75222;International;Computer;2023-08-21;2023-08-21
10;76410;22517;69487;20226;frictionless Buckinghamshire Avon;website New synthesizing;Extended withdrawal;21257;Buckinghamshire Senior Loan;Response invoice Dakota;2023-08-21;2023-08-21
